Procesos,TiempoEjecucion,Eficiencia
2,0.171616,0
4,0.101633,0
8,0.081580,0
16,0.055248,0
2.413